<?xml version="1.0" encoding="UTF-8"?>
<beans xmlns:mvc="http://www.springframework.org/schema/mvc"
xmlns:xsi="http://www.w3.org/2001/XMLSchema-instance"
xmlns="http://www.springframework.org/schema/beans"
xmlns:context="http://www.springframework.org/schema/context"
xmlns:tx="http://www.springframework.org/schema/tx"
xsi:schemaLocation="http://www.springframework.org/schema/mvc http://www.springframework.org/schema/mvc/spring-mvc.xsd
http://www.springframework.org/schema/beans http://www.springframework.org/schema/beans/spring-beans.xsd
http://www.springframework.org/schema/tx http://www.springframework.org/schema/tx/spring-tx.xsd
http://www.springframework.org/schema/context http://www.springframework.org/schema/context/spring-context.xsd">

<!-- DispatcherServlet Context: defines this servlet's request-processing infrastructure -->

<!-- Enables the Spring MVC @Controller programming model -->
<mvc:annotation-driven />

<!-- Handles HTTP GET requests for /resources/** by efficiently serving up static resources in the ${webappRoot}/resources directory -->
<mvc:resources mapping="/resources/**" location="/resources/" />

<!-- Resolves views selected for rendering by @Controllers to .jsp resources in the /WEB-INF/views directory -->
<bean class="org.springframework.web.servlet.view.InternalResourceViewResolver">
<property name="prefix" value="/WEB-INF/views/" />
<property name="suffix" value=".jsp" />
</bean>

      <context:component-scan base-package="com.salon.demo" />
      <context:component-scan base-package="com.salon.dao" />



    <bean id="dataSource" class="org.apache.commons.dbcp.BasicDataSource" destroy-method="close">
        <property name="driverClassName" value="oracle.jdbc.OracleDriver"/>
        <property name="url" value="jdbc:oracle:thin:@127.0.0.1:1521:xe"/>
        <property name="username" value="dxc"/>
        <property name="password" value="pass"/>
    </bean>
   
    <bean id="sessionFactory"
        class="org.springframework.orm.hibernate4.LocalSessionFactoryBean">
        <property name="dataSource" ref="dataSource" />
<property name="configLocation" value="classpath:hibernate.cfg.xml" />
    </bean>
   
    <tx:annotation-driven />

    <bean id="transactionManager"
        class="org.springframework.orm.hibernate4.HibernateTransactionManager">
        <property name="sessionFactory" ref="sessionFactory" />
    </bean>
<!--
<bean id="resturantDao" class="com.mysprhib.resturantdao.ResturantDao">
   <constructor-arg>
       <ref bean="sessionFactory" />
   </constructor-arg>
</bean>     -->
</beans>



